"Asian Club","Hispanic Club"
"Asian Club","German Club"
"Asian Club","Spanish Club (high)"
"Asian Club","Close-up"
"Asian Club","Internships"
"Asian Club","Debate"
"Asian Club","Forensics"
"Asian Club","Forensics (National Forensics League)"
"Asian Club","Chess Club"
"Asian Club","Academic decathalon"
"Asian Club","STUCO"
"Asian Club","Newspaper Staff"
"Asian Club","Yearbook Staff"
"Asian Club","PEER"
"Asian Club","Pep Club"
"Asian Club","NHS"
"Asian Club","Key Club"
"Asian Club","Orchestra, Symphonic"
"Asian Club","Choir, a capella"
"Asian Club","Choir, chamber singers"
"Asian Club","Football, V"
"Asian Club","Tennis, boys V"
"Hispanic Club","Latin Club"
"Hispanic Club","French Club (low)"
"Hispanic Club","French Club (high)"
"Hispanic Club","Spanish Club"
"Hispanic Club","Spanish Club (high)"
"Hispanic Club","Spanish NHS"
"Hispanic Club","Close-up"
"Hispanic Club","Full IB Diploma Students (12th)"
"Hispanic Club","Debate"
"Hispanic Club","Forensics"
"Hispanic Club","Forensics (National Forensics League)"
"Hispanic Club","Chess Club"
"Hispanic Club","Science Olympiad"
"Hispanic Club","Academic decathalon"
"Hispanic Club","STUCO"
"Hispanic Club","PEER"
"Hispanic Club","Pep Club"
"Hispanic Club","Pep Club Officers"
"Hispanic Club","NHS"
"Hispanic Club","Drunk Driving"
"Hispanic Club","Key Club"
"Hispanic Club","Art Club"
"Hispanic Club","Theatre Productions"
"Hispanic Club","Orchestra, Full Concert"
"Hispanic Club","Orchestra, Symphonic"
"Hispanic Club","Choir, women's ensemble"
"Hispanic Club","Choir, a capella"
"Hispanic Club","Choir, chamber singers"
"Hispanic Club","Choir, barbershop quartet (4 men)"
"Hispanic Club","Football, V"
"Hispanic Club","Soccer, V"
"Hispanic Club","Baseball, JV (10th)"
"Hispanic Club","Baseball, V"
"Hispanic Club","Golf, boys V"
"Hispanic Club","Tennis, boys V"
"Hispanic Club","Track, boys V"
"Latin Club","French Club (low)"
"Latin Club","French Club (high)"
"Latin Club","French NHS"
"Latin Club","German Club"
"Latin Club","German NHS"
"Latin Club","Spanish Club"
"Latin Club","Spanish Club (high)"
"Latin Club","Spanish NHS"
"Latin Club","Close-up"
"Latin Club","Teachers of Tomorrow"
"Latin Club","Debate"
"Latin Club","Forensics"
"Latin Club","Forensics (National Forensics League)"
"Latin Club","Chess Club"
"Latin Club","Science Olympiad"
"Latin Club","Quiz-Bowl (all)"
"Latin Club","Academic decathalon"
"Latin Club","STUCO"
"Latin Club","Yearbook Contributors"
"Latin Club","Yearbook Staff"
"Latin Club","PEER"
"Latin Club","Pep Club"
"Latin Club","Pep Club Officers"
"Latin Club","NHS"
"Latin Club","Drunk Driving"
"Latin Club","Key Club"
"Latin Club","Art Club"
"Latin Club","Theatre Productions"
"Latin Club","Thespian Society (ITS)"
"Latin Club","Band, Marching (Symphonic)"
"Latin Club","Band, Jazz"
"Latin Club","Orchestra, Full Concert"
"Latin Club","Orchestra, Symphonic"
"Latin Club","Choir, treble"
"Latin Club","Choir, concert"
"Latin Club","Choir, women's ensemble"
"Latin Club","Choir, a capella"
"Latin Club","Drill Team"
"Latin Club","Football, 9th"
"Latin Club","Football, V"
"Latin Club","Soccer, V"
"Latin Club","Volleyball, 9th"
"Latin Club","Basketball, boys 9th"
"Latin Club","Basketball, boys JV"
"Latin Club","Basketball, girls 9th"
"Latin Club","Basketball, girls JV"
"Latin Club","Basketball, girls V"
"Latin Club","Softball, JV (10th)"
"Latin Club","Softball, V"
"Latin Club","Cheerleaders, 9th"
"Latin Club","Cheerleaders, Spirit Squad"
"Latin Club","Cheerleaders, JV"
"Latin Club","Cross Country, boys V"
"Latin Club","Cross Country, girls V"
"Latin Club","Golf, boys V"
"Latin Club","Swim & Dive Team, girls"
"Latin Club","Tennis girls V"
"Latin Club","Track, boys V"
"Latin Club","Track, girls V"
"Latin Club","Wrestling, V"
"French Club (low)","French Club (high)"
"French Club (low)","Spanish Club"
"French Club (low)","Spanish Club (high)"
"French Club (low)","Close-up"
"French Club (low)","Debate"
"French Club (low)","Forensics"
"French Club (low)","Forensics (National Forensics League)"
"French Club (low)","STUCO"
"French Club (low)","Yearbook Contributors"
"French Club (low)","Pep Club"
"French Club (low)","Pep Club Officers"
"French Club (low)","Drunk Driving"
"French Club (low)","Key Club"
"French Club (low)","Band, 8th"
"French Club (low)","Band, Jazz"
"French Club (low)","Orchestra, 8th"
"French Club (low)","Orchestra, Full Concert"
"French Club (low)","Orchestra, Symphonic"
"French Club (low)","Choir, treble"
"French Club (low)","Choir, concert"
"French Club (low)","Choir, women's ensemble"
"French Club (low)","Drill Team"
"French Club (low)","Football, 9th"
"French Club (low)","Soccer, V"
"French Club (low)","Volleyball, 8th"
"French Club (low)","Volleyball, 9th"
"French Club (low)","Basketball, boys 9th"
"French Club (low)","Basketball, boys JV"
"French Club (low)","Basketball, girls 8th"
"French Club (low)","Basketball, girls 9th"
"French Club (low)","Baseball, JV (10th)"
"French Club (low)","Softball, JV (10th)"
"French Club (low)","Softball, V"
"French Club (low)","Cheerleaders, 8th"
"French Club (low)","Cheerleaders, 9th"
"French Club (low)","Cheerleaders, Spirit Squad"
"French Club (low)","Cheerleaders, JV"
"French Club (low)","Cross Country, girls 8th"
"French Club (low)","Cross Country, boys V"
"French Club (low)","Cross Country, girls V"
"French Club (low)","Swim & Dive Team, girls"
"French Club (low)","Track, girls 8th"
"French Club (low)","Track, boys V"
"French Club (low)","Track, girls V"
"French Club (high)","French NHS"
"French Club (high)","German Club"
"French Club (high)","Spanish Club (high)"
"French Club (high)","Spanish NHS"
"French Club (high)","Close-up"
"French Club (high)","Full IB Diploma Students (12th)"
"French Club (high)","Internships"
"French Club (high)","Teachers of Tomorrow"
"French Club (high)","Debate"
"French Club (high)","Forensics"
"French Club (high)","Forensics (National Forensics League)"
"French Club (high)","Chess Club"
"French Club (high)","Science Olympiad"
"French Club (high)","Quiz-Bowl (all)"
"French Club (high)","Academic decathalon"
"French Club (high)","STUCO"
"French Club (high)","Newspaper Staff"
"French Club (high)","Yearbook Contributors"
"French Club (high)","Yearbook Staff"
"French Club (high)","PEER"
"French Club (high)","Pep Club"
"French Club (high)","NHS"
"French Club (high)","Drunk Driving"
"French Club (high)","Drunk Driving Officers"
"French Club (high)","Key Club"
"French Club (high)","Art Club"
"French Club (high)","Theatre Productions"
"French Club (high)","Thespian Society (ITS)"
"French Club (high)","Band, Marching (Symphonic)"
"French Club (high)","Band, Jazz"
"French Club (high)","Orchestra, Symphonic"
"French Club (high)","Choir, concert"
"French Club (high)","Choir, women's ensemble"
"French Club (high)","Choir, a capella"
"French Club (high)","Choir, chamber singers"
"French Club (high)","Choir, vocal ensemble (4 women)"
"French Club (high)","Drill Team"
"French Club (high)","Football, V"
"French Club (high)","Soccer, V"
"French Club (high)","Volleyball, JV"
"French Club (high)","Volleyball, V"
"French Club (high)","Basketball, girls JV"
"French Club (high)","Basketball, girls V"
"French Club (high)","Softball, JV (10th)"
"French Club (high)","Softball, V"
"French Club (high)","Cheerleaders, JV"
"French Club (high)","Cheerleaders, V"
"French Club (high)","Cross Country, girls V"
"French Club (high)","Golf, boys V"
"French Club (high)","Swim & Dive Team, boys"
"French Club (high)","Track, girls V"
"French Club (high)","Wrestling, V"
"French NHS","German Club"
"French NHS","Spanish Club (high)"
"French NHS","Spanish NHS"
"French NHS","Close-up"
"French NHS","Full IB Diploma Students (12th)"
"French NHS","Internships"
"French NHS","Teachers of Tomorrow"
"French NHS","Debate"
"French NHS","Forensics"
"French NHS","Forensics (National Forensics League)"
"French NHS","Chess Club"
"French NHS","Science Olympiad"
"French NHS","Academic decathalon"
"French NHS","Newspaper Staff"
"French NHS","Yearbook Contributors"
"French NHS","Yearbook Staff"
"French NHS","PEER"
"French NHS","Pep Club"
"French NHS","NHS"
"French NHS","Drunk Driving"
"French NHS","Drunk Driving Officers"
"French NHS","Key Club"
"French NHS","Theatre Productions"
"French NHS","Thespian Society (ITS)"
"French NHS","Band, Jazz"
"French NHS","Orchestra, Symphonic"
"French NHS","Choir, women's ensemble"
"French NHS","Choir, a capella"
"French NHS","Choir, chamber singers"
"French NHS","Choir, vocal ensemble (4 women)"
"French NHS","Drill Team"
"French NHS","Volleyball, V"
"French NHS","Basketball, boys JV"
"French NHS","Basketball, boys V"
"French NHS","Basketball, girls JV"
"French NHS","Basketball, girls V"
"French NHS","Softball, JV (10th)"
"French NHS","Softball, V"
"French NHS","Cheerleaders, JV"
"French NHS","Cheerleaders, V"
"French NHS","Cross Country, boys V"
"French NHS","Cross Country, girls V"
"French NHS","Track, girls V"
"German Club","German NHS"
"German Club","Spanish Club"
"German Club","Spanish Club (high)"
"German Club","Close-up"
"German Club","Full IB Diploma Students (12th)"
"German Club","Internships"
"German Club","Teachers of Tomorrow"
"German Club","Debate"
"German Club","Forensics"
"German Club","Forensics (National Forensics League)"
"German Club","Chess Club"
"German Club","Science Olympiad"
"German Club","Quiz-Bowl (all)"
"German Club","Academic decathalon"
"German Club","STUCO"
"German Club","Yearbook Contributors"
"German Club","Yearbook Staff"
"German Club","PEER"
"German Club","Pep Club"
"German Club","NHS"
"German Club","Drunk Driving"
"German Club","Key Club"
"German Club","Art Club"
"German Club","Theatre Productions"
"German Club","Thespian Society (ITS)"
"German Club","Band, 8th"
"German Club","Band, Jazz"
"German Club","Orchestra, 8th"
"German Club","Orchestra, Symphonic"
"German Club","Choir, treble"
"German Club","Choir, concert"
"German Club","Choir, women's ensemble"
"German Club","Choir, a capella"
"German Club","Choir, chamber singers"
"German Club","Choir, barbershop quartet (4 men)"
"German Club","Drill Team"
"German Club","Football, 8th"
"German Club","Football, 9th"
"German Club","Football, V"
"German Club","Soccer, V"
"German Club","Volleyball, 8th"
"German Club","Volleyball, 9th"
"German Club","Basketball, boys 8th"
"German Club","Basketball, boys V"
"German Club","Basketball, girls 9th"
"German Club","Basketball, girls JV"
"German Club","Basketball, girls V"
"German Club","Baseball, JV (10th)"
"German Club","Softball, JV (10th)"
"German Club","Softball, V"
"German Club","Cheerleaders, V"
"German Club","Cross Country, boys 8th"
"German Club","Cross Country, boys V"
"German Club","Cross Country, girls V"
"German Club","Golf, boys V"
"German Club","Track, boys 8th"
"German Club","Track, girls 8th"
"German Club","Track, boys V"
"German Club","Track, girls V"
"German Club","Wrestling, 8th"
"German Club","Wrestling, V"
"German NHS","Close-up"
"German NHS","Full IB Diploma Students (12th)"
"German NHS","Debate"
"German NHS","Forensics"
"German NHS","Forensics (National Forensics League)"
"German NHS","Science Olympiad"
"German NHS","Quiz-Bowl (all)"
"German NHS","Academic decathalon"
"German NHS","STUCO"
"German NHS","Yearbook Contributors"
"German NHS","Pep Club"
"German NHS","NHS"
"German NHS","Drunk Driving"
"German NHS","Key Club"
"German NHS","Art Club"
"German NHS","Theatre Productions"
"German NHS","Thespian Society (ITS)"
"German NHS","Band, Jazz"
"German NHS","Orchestra, Symphonic"
"German NHS","Basketball, girls JV"
"German NHS","Basketball, girls V"
"German NHS","Cheerleaders, V"
"German NHS","Cross Country, girls V"
"German NHS","Golf, boys V"
"Spanish Club","Spanish Club (high)"
"Spanish Club","Spanish NHS"
"Spanish Club","Teachers of Tomorrow"
"Spanish Club","Debate"
"Spanish Club","Forensics"
"Spanish Club","Forensics (National Forensics League)"
"Spanish Club","Science Olympiad"
"Spanish Club","Academic decathalon"
"Spanish Club","STUCO"
"Spanish Club","Yearbook Contributors"
"Spanish Club","Yearbook Staff"
"Spanish Club","PEER"
"Spanish Club","Pep Club"
"Spanish Club","Pep Club Officers"
"Spanish Club","NHS"
"Spanish Club","Drunk Driving"
"Spanish Club","Key Club"
"Spanish Club","Art Club"
"Spanish Club","Theatre Productions"
"Spanish Club","Band, 8th"
"Spanish Club","Band, Marching (Symphonic)"
"Spanish Club","Band, Jazz"
"Spanish Club","Orchestra, 8th"
"Spanish Club","Orchestra, Full Concert"
"Spanish Club","Orchestra, Symphonic"
"Spanish Club","Choir, treble"
"Spanish Club","Choir, concert"
"Spanish Club","Choir, women's ensemble"
"Spanish Club","Choir, a capella"
"Spanish Club","Drill Team"
"Spanish Club","Football, 8th"
"Spanish Club","Football, 9th"
"Spanish Club","Football, V"
"Spanish Club","Soccer, V"
"Spanish Club","Volleyball, 8th"
"Spanish Club","Volleyball, 9th"
"Spanish Club","Volleyball, JV"
"Spanish Club","Basketball, boys 8th"
"Spanish Club","Basketball, boys 9th"
"Spanish Club","Basketball, boys JV"
"Spanish Club","Basketball, girls 8th"
"Spanish Club","Basketball, girls 9th"
"Spanish Club","Basketball, girls JV"
"Spanish Club","Basketball, girls V"
"Spanish Club","Baseball, JV (10th)"
"Spanish Club","Baseball, V"
"Spanish Club","Softball, JV (10th)"
"Spanish Club","Softball, V"
"Spanish Club","Cheerleaders, 8th"
"Spanish Club","Cheerleaders, 9th"
"Spanish Club","Cheerleaders, Spirit Squad"
"Spanish Club","Cheerleaders, JV"
"Spanish Club","Cross Country, boys 8th"
"Spanish Club","Cross Country, girls 8th"
"Spanish Club","Cross Country, boys V"
"Spanish Club","Golf, boys V"
"Spanish Club","Swim & Dive Team, girls"
"Spanish Club","Tennis, boys V"
"Spanish Club","Tennis girls V"
"Spanish Club","Track, boys 8th"
"Spanish Club","Track, girls 8th"
"Spanish Club","Track, boys V"
"Spanish Club","Track, girls V"
"Spanish Club","Wrestling, 8th"
"Spanish Club","Wrestling, V"
"Spanish Club (high)","Spanish NHS"
"Spanish Club (high)","Close-up"
"Spanish Club (high)","Full IB Diploma Students (12th)"
"Spanish Club (high)","Internships"
"Spanish Club (high)","Debate"
"Spanish Club (high)","Forensics"
"Spanish Club (high)","Forensics (National Forensics League)"
"Spanish Club (high)","Science Olympiad"
"Spanish Club (high)","Quiz-Bowl (all)"
"Spanish Club (high)","Academic decathalon"
"Spanish Club (high)","Junior Class Board"
"Spanish Club (high)","STUCO"
"Spanish Club (high)","Newspaper Staff"
"Spanish Club (high)","Yearbook Contributors"
"Spanish Club (high)","Yearbook Staff"
"Spanish Club (high)","PEER"
"Spanish Club (high)","Pep Club"
"Spanish Club (high)","Pep Club Officers"
"Spanish Club (high)","NHS"
"Spanish Club (high)","Drunk Driving"
"Spanish Club (high)","Drunk Driving Officers"
"Spanish Club (high)","Key Club"
"Spanish Club (high)","Art Club"
"Spanish Club (high)","Theatre Productions"
"Spanish Club (high)","Thespian Society (ITS)"
"Spanish Club (high)","Band, Marching (Symphonic)"
"Spanish Club (high)","Orchestra, Symphonic"
"Spanish Club (high)","Choir, concert"
"Spanish Club (high)","Choir, women's ensemble"
"Spanish Club (high)","Choir, a capella"
"Spanish Club (high)","Choir, chamber singers"
"Spanish Club (high)","Drill Team"
"Spanish Club (high)","Football, V"
"Spanish Club (high)","Soccer, V"
"Spanish Club (high)","Volleyball, V"
"Spanish Club (high)","Basketball, girls JV"
"Spanish Club (high)","Basketball, girls V"
"Spanish Club (high)","Baseball, V"
"Spanish Club (high)","Softball, JV (10th)"
"Spanish Club (high)","Cheerleaders, JV"
"Spanish Club (high)","Cheerleaders, V"
"Spanish Club (high)","Tennis, boys V"
"Spanish Club (high)","Track, boys V"
"Spanish Club (high)","Track, girls V"
"Spanish NHS","Close-up"
"Spanish NHS","Full IB Diploma Students (12th)"
"Spanish NHS","Internships"
"Spanish NHS","Debate"
"Spanish NHS","Forensics"
"Spanish NHS","Forensics (National Forensics League)"
"Spanish NHS","Quiz-Bowl (all)"
"Spanish NHS","Academic decathalon"
"Spanish NHS","Junior Class Board"
"Spanish NHS","STUCO"
"Spanish NHS","Newspaper Staff"
"Spanish NHS","Yearbook Contributors"
"Spanish NHS","Yearbook Staff"
"Spanish NHS","PEER"
"Spanish NHS","Pep Club"
"Spanish NHS","Pep Club Officers"
"Spanish NHS","NHS"
"Spanish NHS","Drunk Driving"
"Spanish NHS","Drunk Driving Officers"
"Spanish NHS","Key Club"
"Spanish NHS","Theatre Productions"
"Spanish NHS","Thespian Society (ITS)"
"Spanish NHS","Band, Marching (Symphonic)"
"Spanish NHS","Orchestra, Symphonic"
"Spanish NHS","Choir, women's ensemble"
"Spanish NHS","Choir, a capella"
"Spanish NHS","Choir, chamber singers"
"Spanish NHS","Football, V"
"Spanish NHS","Soccer, V"
"Spanish NHS","Volleyball, V"
"Spanish NHS","Basketball, girls JV"
"Spanish NHS","Basketball, girls V"
"Spanish NHS","Cheerleaders, V"
"Spanish NHS","Tennis, boys V"
"Spanish NHS","Track, boys V"
"Close-up","Full IB Diploma Students (12th)"
"Close-up","Internships"
"Close-up","Debate"
"Close-up","Forensics"
"Close-up","Forensics (National Forensics League)"
"Close-up","Science Olympiad"
"Close-up","Quiz-Bowl (all)"
"Close-up","Academic decathalon"
"Close-up","STUCO"
"Close-up","Yearbook Contributors"
"Close-up","Yearbook Staff"
"Close-up","PEER"
"Close-up","Pep Club"
"Close-up","NHS"
"Close-up","Drunk Driving"
"Close-up","Key Club"
"Close-up","Art Club"
"Close-up","Theatre Productions"
"Close-up","Thespian Society (ITS)"
"Close-up","Choir, women's ensemble"
"Close-up","Soccer, V"
"Close-up","Basketball, girls JV"
"Close-up","Basketball, girls V"
"Close-up","Cross Country, girls V"
"Full IB Diploma Students (12th)","Internships"
"Full IB Diploma Students (12th)","Forensics"
"Full IB Diploma Students (12th)","Forensics (National Forensics League)"
"Full IB Diploma Students (12th)","Chess Club"
"Full IB Diploma Students (12th)","Science Olympiad"
"Full IB Diploma Students (12th)","Quiz-Bowl (all)"
"Full IB Diploma Students (12th)","Academic decathalon"
"Full IB Diploma Students (12th)","STUCO"
"Full IB Diploma Students (12th)","PEER"
"Full IB Diploma Students (12th)","Pep Club"
"Full IB Diploma Students (12th)","Pep Club Officers"
"Full IB Diploma Students (12th)","NHS"
"Full IB Diploma Students (12th)","Drunk Driving"
"Full IB Diploma Students (12th)","Drunk Driving Officers"
"Full IB Diploma Students (12th)","Key Club"
"Full IB Diploma Students (12th)","Art Club"
"Full IB Diploma Students (12th)","Theatre Productions"
"Full IB Diploma Students (12th)","Thespian Society (ITS)"
"Full IB Diploma Students (12th)","Band, Jazz"
"Full IB Diploma Students (12th)","Choir, a capella"
"Full IB Diploma Students (12th)","Choir, chamber singers"
"Full IB Diploma Students (12th)","Choir, vocal ensemble (4 women)"
"Full IB Diploma Students (12th)","Drill Team"
"Full IB Diploma Students (12th)","Football, V"
"Full IB Diploma Students (12th)","Soccer, V"
"Full IB Diploma Students (12th)","Basketball, girls V"
"Full IB Diploma Students (12th)","Cross Country, girls V"
"Full IB Diploma Students (12th)","Track, boys V"
"Internships","Forensics"
"Internships","Forensics (National Forensics League)"
"Internships","Academic decathalon"
"Internships","STUCO"
"Internships","Newspaper Staff"
"Internships","Yearbook Contributors"
"Internships","Yearbook Staff"
"Internships","PEER"
"Internships","Pep Club"
"Internships","NHS"
"Internships","Drunk Driving"
"Internships","Key Club"
"Internships","Art Club"
"Internships","Orchestra, Symphonic"
"Internships","Choir, women's ensemble"
"Internships","Choir, a capella"
"Internships","Drill Team"
"Internships","Volleyball, V"
"Internships","Basketball, girls V"
"Internships","Cheerleaders, V"
"Internships","Golf, boys V"
"Teachers of Tomorrow","Debate"
"Teachers of Tomorrow","Forensics"
"Teachers of Tomorrow","Forensics (National Forensics League)"
"Teachers of Tomorrow","Science Olympiad"
"Teachers of Tomorrow","Academic decathalon"
"Teachers of Tomorrow","PEER"
"Teachers of Tomorrow","Pep Club"
"Teachers of Tomorrow","NHS"
"Teachers of Tomorrow","Drunk Driving"
"Teachers of Tomorrow","Key Club"
"Teachers of Tomorrow","Thespian Society (ITS)"
"Teachers of Tomorrow","Orchestra, 8th"
"Teachers of Tomorrow","Choir, women's ensemble"
"Teachers of Tomorrow","Choir, a capella"
"Teachers of Tomorrow","Volleyball, 8th"
"Teachers of Tomorrow","Basketball, girls 8th"
"Teachers of Tomorrow","Softball, JV (10th)"
"Teachers of Tomorrow","Cheerleaders, V"
"Teachers of Tomorrow","Cross Country, boys V"
"Teachers of Tomorrow","Track, boys V"
"Teachers of Tomorrow","Track, girls V"
"Debate","Forensics"
"Debate","Forensics (National Forensics League)"
"Debate","Science Olympiad"
"Debate","Academic decathalon"
"Debate","STUCO"
"Debate","Newspaper Staff"
"Debate","Yearbook Contributors"
"Debate","Yearbook Staff"
"Debate","Pep Club"
"Debate","Pep Club Officers"
"Debate","NHS"
"Debate","Drunk Driving"
"Debate","Drunk Driving Officers"
"Debate","Key Club"
"Debate","Theatre Productions"
"Debate","Thespian Society (ITS)"
"Debate","Band, Jazz"
"Debate","Orchestra, Full Concert"
"Debate","Orchestra, Symphonic"
"Debate","Choir, concert"
"Debate","Choir, women's ensemble"
"Debate","Choir, a capella"
"Debate","Choir, chamber singers"
"Debate","Football, 9th"
"Debate","Volleyball, 9th"
"Debate","Volleyball, JV"
"Debate","Basketball, boys 9th"
"Debate","Basketball, boys V"
"Debate","Basketball, girls 9th"
"Debate","Basketball, girls JV"
"Debate","Baseball, JV (10th)"
"Debate","Cheerleaders, 9th"
"Debate","Cheerleaders, Spirit Squad"
"Debate","Cheerleaders, V"
"Debate","Cross Country, boys V"
"Debate","Tennis girls V"
"Debate","Track, girls 8th"
"Debate","Track, boys V"
"Debate","Track, girls V"
"Forensics","Forensics (National Forensics League)"
"Forensics","Science Olympiad"
"Forensics","Quiz-Bowl (all)"
"Forensics","Academic decathalon"
"Forensics","Junior Class Board"
"Forensics","STUCO"
"Forensics","Newspaper Staff"
"Forensics","Yearbook Contributors"
"Forensics","Yearbook Staff"
"Forensics","PEER"
"Forensics","Pep Club"
"Forensics","NHS"
"Forensics","Drunk Driving"
"Forensics","Drunk Driving Officers"
"Forensics","Key Club"
"Forensics","Art Club"
"Forensics","Theatre Productions"
"Forensics","Thespian Society (ITS)"
"Forensics","Band, Marching (Symphonic)"
"Forensics","Orchestra, Full Concert"
"Forensics","Orchestra, Symphonic"
"Forensics","Choir, concert"
"Forensics","Choir, women's ensemble"
"Forensics","Choir, a capella"
"Forensics","Choir, chamber singers"
"Forensics","Drill Team"
"Forensics","Football, V"
"Forensics","Soccer, V"
"Forensics","Volleyball, JV"
"Forensics","Basketball, boys JV"
"Forensics","Basketball, boys V"
"Forensics","Softball, V"
"Forensics","Cheerleaders, 9th"
"Forensics","Cheerleaders, V"
"Forensics","Cross Country, boys V"
"Forensics","Track, boys V"
"Forensics","Wrestling, V"
"Forensics (National Forensics League)","Science Olympiad"
"Forensics (National Forensics League)","Quiz-Bowl (all)"
"Forensics (National Forensics League)","Academic decathalon"
"Forensics (National Forensics League)","Junior Class Board"
"Forensics (National Forensics League)","STUCO"
"Forensics (National Forensics League)","Newspaper Staff"
"Forensics (National Forensics League)","Yearbook Contributors"
"Forensics (National Forensics League)","Yearbook Staff"
"Forensics (National Forensics League)","PEER"
"Forensics (National Forensics League)","Pep Club"
"Forensics (National Forensics League)","Pep Club Officers"
"Forensics (National Forensics League)","NHS"
"Forensics (National Forensics League)","Drunk Driving"
"Forensics (National Forensics League)","Drunk Driving Officers"
"Forensics (National Forensics League)","Key Club"
"Forensics (National Forensics League)","Art Club"
"Forensics (National Forensics League)","Theatre Productions"
"Forensics (National Forensics League)","Thespian Society (ITS)"
"Forensics (National Forensics League)","Band, Marching (Symphonic)"
"Forensics (National Forensics League)","Band, Jazz"
"Forensics (National Forensics League)","Orchestra, Full Concert"
"Forensics (National Forensics League)","Orchestra, Symphonic"
"Forensics (National Forensics League)","Choir, concert"
"Forensics (National Forensics League)","Choir, women's ensemble"
"Forensics (National Forensics League)","Choir, a capella"
"Forensics (National Forensics League)","Choir, chamber singers"
"Forensics (National Forensics League)","Drill Team"
"Forensics (National Forensics League)","Football, 9th"
"Forensics (National Forensics League)","Football, V"
"Forensics (National Forensics League)","Soccer, V"
"Forensics (National Forensics League)","Volleyball, 9th"
"Forensics (National Forensics League)","Volleyball, JV"
"Forensics (National Forensics League)","Basketball, boys 9th"
"Forensics (National Forensics League)","Basketball, boys JV"
"Forensics (National Forensics League)","Basketball, boys V"
"Forensics (National Forensics League)","Basketball, girls 9th"
"Forensics (National Forensics League)","Basketball, girls JV"
"Forensics (National Forensics League)","Baseball, JV (10th)"
"Forensics (National Forensics League)","Softball, V"
"Forensics (National Forensics League)","Cheerleaders, Spirit Squad"
"Forensics (National Forensics League)","Cheerleaders, V"
"Forensics (National Forensics League)","Cross Country, boys V"
"Forensics (National Forensics League)","Tennis girls V"
"Forensics (National Forensics League)","Track, girls 8th"
"Forensics (National Forensics League)","Track, boys V"
"Forensics (National Forensics League)","Track, girls V"
"Forensics (National Forensics League)","Wrestling, V"
"Chess Club","Academic decathalon"
"Chess Club","Pep Club"
"Chess Club","NHS"
"Chess Club","Key Club"
"Chess Club","Theatre Productions"
"Chess Club","Band, Jazz"
"Chess Club","Orchestra, Symphonic"
"Chess Club","Choir, women's ensemble"
"Chess Club","Choir, a capella"
"Chess Club","Drill Team"
"Chess Club","Softball, V"
"Chess Club","Cheerleaders, JV"
"Science Olympiad","Quiz-Bowl (all)"
"Science Olympiad","Academic decathalon"
"Science Olympiad","Junior Class Board"
"Science Olympiad","Yearbook Contributors"
"Science Olympiad","Pep Club"
"Science Olympiad","NHS"
"Science Olympiad","Drunk Driving"
"Science Olympiad","Key Club"
"Science Olympiad","Art Club"
"Science Olympiad","Theatre Productions"
"Science Olympiad","Thespian Society (ITS)"
"Science Olympiad","Band, Marching (Symphonic)"
"Science Olympiad","Band, Jazz"
"Science Olympiad","Orchestra, Full Concert"
"Science Olympiad","Choir, concert"
"Science Olympiad","Choir, a capella"
"Science Olympiad","Football, 9th"
"Science Olympiad","Cross Country, boys V"
"Science Olympiad","Cross Country, girls V"
"Science Olympiad","Golf, boys V"
"Science Olympiad","Track, boys V"
"Quiz-Bowl (all)","Academic decathalon"
"Quiz-Bowl (all)","STUCO"
"Quiz-Bowl (all)","NHS"
"Quiz-Bowl (all)","Art Club"
"Quiz-Bowl (all)","Theatre Productions"
"Quiz-Bowl (all)","Thespian Society (ITS)"
"Quiz-Bowl (all)","Orchestra, Symphonic"
"Quiz-Bowl (all)","Cross Country, girls V"
"Academic decathalon","STUCO"
"Academic decathalon","Yearbook Contributors"
"Academic decathalon","Yearbook Staff"
"Academic decathalon","PEER"
"Academic decathalon","Pep Club"
"Academic decathalon","NHS"
"Academic decathalon","Drunk Driving"
"Academic decathalon","Key Club"
"Academic decathalon","Art Club"
"Academic decathalon","Theatre Productions"
"Academic decathalon","Thespian Society (ITS)"
"Academic decathalon","Band, Jazz"
"Academic decathalon","Orchestra, Full Concert"
"Academic decathalon","Orchestra, Symphonic"
"Academic decathalon","Choir, concert"
"Academic decathalon","Choir, women's ensemble"
"Academic decathalon","Choir, a capella"
"Academic decathalon","Drill Team"
"Academic decathalon","Football, 8th"
"Academic decathalon","Volleyball, V"
"Academic decathalon","Basketball, boys 8th"
"Academic decathalon","Basketball, girls JV"
"Academic decathalon","Basketball, girls V"
"Academic decathalon","Cross Country, boys V"
"Academic decathalon","Cross Country, girls V"
"Academic decathalon","Track, boys V"
"Academic decathalon","Track, girls V"
"Junior Class Board","Yearbook Contributors"
"Junior Class Board","Yearbook Staff"
"Junior Class Board","PEER"
"Junior Class Board","Pep Club"
"Junior Class Board","NHS"
"Junior Class Board","Drunk Driving"
"Junior Class Board","Key Club"
"Junior Class Board","Art Club"
"Junior Class Board","Theatre Productions"
"Junior Class Board","Band, Marching (Symphonic)"
"Junior Class Board","Orchestra, Symphonic"
"Junior Class Board","Choir, a capella"
"Junior Class Board","Choir, chamber singers"
"Junior Class Board","Choir, vocal ensemble (4 women)"
"Junior Class Board","Softball, JV (10th)"
"STUCO","Yearbook Contributors"
"STUCO","Yearbook Staff"
"STUCO","PEER"
"STUCO","Pep Club"
"STUCO","NHS"
"STUCO","Drunk Driving"
"STUCO","Key Club"
"STUCO","Theatre Productions"
"STUCO","Thespian Society (ITS)"
"STUCO","Band, 8th"
"STUCO","Orchestra, 8th"
"STUCO","Orchestra, Symphonic"
"STUCO","Choir, treble"
"STUCO","Choir, concert"
"STUCO","Choir, women's ensemble"
"STUCO","Choir, a capella"
"STUCO","Choir, chamber singers"
"STUCO","Football, 8th"
"STUCO","Football, V"
"STUCO","Soccer, V"
"STUCO","Volleyball, 9th"
"STUCO","Volleyball, JV"
"STUCO","Volleyball, V"
"STUCO","Basketball, boys 8th"
"STUCO","Basketball, girls 8th"
"STUCO","Basketball, girls 9th"
"STUCO","Basketball, girls JV"
"STUCO","Basketball, girls V"
"STUCO","Softball, V"
"STUCO","Cheerleaders, 8th"
"STUCO","Cheerleaders, V"
"STUCO","Cross Country, boys V"
"STUCO","Track, boys 8th"
"STUCO","Track, boys V"
"STUCO","Track, girls V"
"STUCO","Wrestling, 8th"
"Newspaper Staff","Yearbook Contributors"
"Newspaper Staff","PEER"
"Newspaper Staff","Pep Club"
"Newspaper Staff","NHS"
"Newspaper Staff","Drunk Driving"
"Newspaper Staff","Drunk Driving Officers"
"Newspaper Staff","Key Club"
"Newspaper Staff","Art Club"
"Newspaper Staff","Band, Jazz"
"Newspaper Staff","Orchestra, Symphonic"
"Newspaper Staff","Choir, a capella"
"Yearbook Contributors","PEER"
"Yearbook Contributors","Pep Club"
"Yearbook Contributors","Pep Club Officers"
"Yearbook Contributors","NHS"
"Yearbook Contributors","Drunk Driving"
"Yearbook Contributors","Drunk Driving Officers"
"Yearbook Contributors","Key Club"
"Yearbook Contributors","Art Club"
"Yearbook Contributors","Theatre Productions"
"Yearbook Contributors","Thespian Society (ITS)"
"Yearbook Contributors","Orchestra, Symphonic"
"Yearbook Contributors","Choir, treble"
"Yearbook Contributors","Choir, concert"
"Yearbook Contributors","Choir, women's ensemble"
"Yearbook Contributors","Choir, a capella"
"Yearbook Contributors","Choir, chamber singers"
"Yearbook Contributors","Drill Team"
"Yearbook Contributors","Soccer, V"
"Yearbook Contributors","Volleyball, V"
"Yearbook Contributors","Basketball, girls 8th"
"Yearbook Contributors","Basketball, girls JV"
"Yearbook Contributors","Basketball, girls V"
"Yearbook Contributors","Baseball, V"
"Yearbook Contributors","Softball, JV (10th)"
"Yearbook Contributors","Softball, V"
"Yearbook Contributors","Cheerleaders, Spirit Squad"
"Yearbook Contributors","Cheerleaders, JV"
"Yearbook Contributors","Cheerleaders, V"
"Yearbook Contributors","Cross Country, boys V"
"Yearbook Contributors","Cross Country, girls V"
"Yearbook Contributors","Tennis girls V"
"Yearbook Contributors","Track, boys V"
"Yearbook Contributors","Track, girls V"
"Yearbook Contributors","Wrestling, V"
"Yearbook Staff","PEER"
"Yearbook Staff","Pep Club"
"Yearbook Staff","NHS"
"Yearbook Staff","Drunk Driving"
"Yearbook Staff","Key Club"
"Yearbook Staff","Art Club"
"Yearbook Staff","Theatre Productions"
"Yearbook Staff","Band, Marching (Symphonic)"
"Yearbook Staff","Band, Jazz"
"Yearbook Staff","Orchestra, Symphonic"
"Yearbook Staff","Choir, a capella"
"Yearbook Staff","Drill Team"
"Yearbook Staff","Football, 9th"
"Yearbook Staff","Soccer, V"
"Yearbook Staff","Volleyball, V"
"Yearbook Staff","Basketball, boys V"
"Yearbook Staff","Basketball, girls JV"
"Yearbook Staff","Baseball, JV (10th)"
"Yearbook Staff","Cheerleaders, JV"
"Yearbook Staff","Tennis, boys V"
"Yearbook Staff","Track, boys V"
"PEER","Pep Club"
"PEER","Pep Club Officers"
"PEER","NHS"
"PEER","Drunk Driving"
"PEER","Key Club"
"PEER","Art Club"
"PEER","Theatre Productions"
"PEER","Thespian Society (ITS)"
"PEER","Band, 8th"
"PEER","Orchestra, 8th"
"PEER","Orchestra, Symphonic"
"PEER","Choir, treble"
"PEER","Choir, concert"
"PEER","Choir, women's ensemble"
"PEER","Choir, a capella"
"PEER","Choir, chamber singers"
"PEER","Choir, vocal ensemble (4 women)"
"PEER","Drill Team"
"PEER","Football, 8th"
"PEER","Football, V"
"PEER","Soccer, V"
"PEER","Volleyball, 8th"
"PEER","Volleyball, V"
"PEER","Basketball, boys 8th"
"PEER","Basketball, girls 8th"
"PEER","Basketball, girls V"
"PEER","Cheerleaders, 8th"
"PEER","Cheerleaders, V"
"PEER","Cross Country, boys V"
"PEER","Tennis, boys V"
"PEER","Track, boys 8th"
"PEER","Track, boys V"
"PEER","Track, girls V"
"PEER","Wrestling, V"
"Pep Club","Pep Club Officers"
"Pep Club","NHS"
"Pep Club","Drunk Driving"
"Pep Club","Key Club"
"Pep Club","Art Club"
"Pep Club","Theatre Productions"
"Pep Club","Thespian Society (ITS)"
"Pep Club","Band, 8th"
"Pep Club","Band, Marching (Symphonic)"
"Pep Club","Orchestra, 8th"
"Pep Club","Orchestra, Full Concert"
"Pep Club","Orchestra, Symphonic"
"Pep Club","Choir, treble"
"Pep Club","Choir, concert"
"Pep Club","Choir, women's ensemble"
"Pep Club","Choir, a capella"
"Pep Club","Drill Team"
"Pep Club","Football, V"
"Pep Club","Volleyball, 9th"
"Pep Club","Basketball, boys JV"
"Pep Club","Basketball, girls 9th"
"Pep Club","Basketball, girls JV"
"Pep Club","Basketball, girls V"
"Pep Club","Softball, JV (10th)"
"Pep Club","Softball, V"
"Pep Club","Cheerleaders, 8th"
"Pep Club","Cheerleaders, 9th"
"Pep Club","Cheerleaders, Spirit Squad"
"Pep Club","Cheerleaders, JV"
"Pep Club","Cheerleaders, V"
"Pep Club","Cross Country, boys V"
"Pep Club","Swim & Dive Team, girls"
"Pep Club","Tennis, boys V"
"Pep Club","Tennis girls V"
"Pep Club","Track, girls 8th"
"Pep Club","Track, boys V"
"Pep Club","Track, girls V"
"Pep Club Officers","Drunk Driving"
"Pep Club Officers","Key Club"
"Pep Club Officers","Orchestra, 8th"
"Pep Club Officers","Orchestra, Full Concert"
"Pep Club Officers","Orchestra, Symphonic"
"Pep Club Officers","Choir, concert"
"Pep Club Officers","Choir, women's ensemble"
"NHS","Drunk Driving"
"NHS","Drunk Driving Officers"
"NHS","Key Club"
"NHS","Art Club"
"NHS","Theatre Productions"
"NHS","Thespian Society (ITS)"
"NHS","Band, Marching (Symphonic)"
"NHS","Band, Jazz"
"NHS","Orchestra, Symphonic"
"NHS","Choir, women's ensemble"
"NHS","Choir, a capella"
"NHS","Choir, chamber singers"
"NHS","Drill Team"
"NHS","Football, V"
"NHS","Soccer, V"
"NHS","Volleyball, V"
"NHS","Basketball, boys JV"
"NHS","Basketball, boys V"
"NHS","Basketball, girls JV"
"NHS","Basketball, girls V"
"NHS","Baseball, V"
"NHS","Softball, JV (10th)"
"NHS","Softball, V"
"NHS","Cheerleaders, Spirit Squad"
"NHS","Cheerleaders, V"
"NHS","Cross Country, boys V"
"NHS","Cross Country, girls V"
"NHS","Golf, boys V"
"NHS","Swim & Dive Team, girls"
"NHS","Tennis, boys V"
"NHS","Track, girls 8th"
"NHS","Track, boys V"
"NHS","Track, girls V"
"NHS","Wrestling, V"
"Drunk Driving","Drunk Driving Officers"
"Drunk Driving","Key Club"
"Drunk Driving","Art Club"
"Drunk Driving","Theatre Productions"
"Drunk Driving","Thespian Society (ITS)"
"Drunk Driving","Band, Marching (Symphonic)"
"Drunk Driving","Band, Jazz"
"Drunk Driving","Orchestra, Symphonic"
"Drunk Driving","Choir, concert"
"Drunk Driving","Choir, women's ensemble"
"Drunk Driving","Choir, a capella"
"Drunk Driving","Choir, chamber singers"
"Drunk Driving","Choir, vocal ensemble (4 women)"
"Drunk Driving","Football, V"
"Drunk Driving","Soccer, V"
"Drunk Driving","Volleyball, V"
"Drunk Driving","Basketball, boys JV"
"Drunk Driving","Basketball, boys V"
"Drunk Driving","Basketball, girls JV"
"Drunk Driving","Basketball, girls V"
"Drunk Driving","Baseball, V"
"Drunk Driving","Softball, JV (10th)"
"Drunk Driving","Cheerleaders, Spirit Squad"
"Drunk Driving","Cheerleaders, JV"
"Drunk Driving","Cheerleaders, V"
"Drunk Driving","Cross Country, boys V"
"Drunk Driving","Cross Country, girls V"
"Drunk Driving","Golf, boys V"
"Drunk Driving","Tennis girls V"
"Drunk Driving","Track, boys V"
"Drunk Driving","Track, girls V"
"Drunk Driving Officers","Theatre Productions"
"Drunk Driving Officers","Choir, a capella"
"Drunk Driving Officers","Choir, chamber singers"
"Drunk Driving Officers","Choir, vocal ensemble (4 women)"
"Key Club","Art Club"
"Key Club","Theatre Productions"
"Key Club","Thespian Society (ITS)"
"Key Club","Band, Marching (Symphonic)"
"Key Club","Orchestra, Full Concert"
"Key Club","Orchestra, Symphonic"
"Key Club","Choir, treble"
"Key Club","Choir, concert"
"Key Club","Choir, women's ensemble"
"Key Club","Choir, a capella"
"Key Club","Drill Team"
"Key Club","Football, 9th"
"Key Club","Football, V"
"Key Club","Soccer, V"
"Key Club","Volleyball, V"
"Key Club","Basketball, boys JV"
"Key Club","Basketball, girls JV"
"Key Club","Basketball, girls V"
"Key Club","Baseball, JV (10th)"
"Key Club","Baseball, V"
"Key Club","Softball, JV (10th)"
"Key Club","Cheerleaders, Spirit Squad"
"Key Club","Cheerleaders, V"
"Key Club","Cross Country, girls V"
"Key Club","Swim & Dive Team, girls"
"Key Club","Tennis, boys V"
"Key Club","Track, girls V"
"Key Club","Wrestling, V"
"Art Club","Theatre Productions"
"Art Club","Thespian Society (ITS)"
"Art Club","Orchestra, Symphonic"
"Art Club","Choir, concert"
"Art Club","Choir, women's ensemble"
"Art Club","Choir, a capella"
"Art Club","Drill Team"
"Art Club","Football, V"
"Art Club","Soccer, V"
"Art Club","Basketball, boys JV"
"Art Club","Softball, JV (10th)"
"Art Club","Cheerleaders, V"
"Art Club","Cross Country, girls V"
"Art Club","Golf, boys V"
"Art Club","Swim & Dive Team, girls"
"Art Club","Tennis girls V"
"Theatre Productions","Thespian Society (ITS)"
"Theatre Productions","Band, Marching (Symphonic)"
"Theatre Productions","Orchestra, Symphonic"
"Theatre Productions","Choir, a capella"
"Theatre Productions","Choir, chamber singers"
"Theatre Productions","Choir, vocal ensemble (4 women)"
"Theatre Productions","Choir, barbershop quartet (4 men)"
"Theatre Productions","Drill Team"
"Theatre Productions","Football, V"
"Theatre Productions","Soccer, V"
"Theatre Productions","Volleyball, V"
"Theatre Productions","Cheerleaders, V"
"Theatre Productions","Cross Country, boys V"
"Theatre Productions","Cross Country, girls V"
"Theatre Productions","Tennis, boys V"
"Theatre Productions","Track, boys V"
"Theatre Productions","Track, girls V"
"Thespian Society (ITS)","Orchestra, Symphonic"
"Thespian Society (ITS)","Choir, a capella"
"Thespian Society (ITS)","Cheerleaders, JV"
"Thespian Society (ITS)","Cheerleaders, V"
"Thespian Society (ITS)","Cross Country, boys V"
"Thespian Society (ITS)","Cross Country, girls V"
"Thespian Society (ITS)","Track, boys V"
"Band, 8th","Choir, treble"
"Band, 8th","Choir, concert"
"Band, 8th","Football, 8th"
"Band, 8th","Volleyball, 8th"
"Band, 8th","Basketball, boys 8th"
"Band, 8th","Basketball, girls 8th"
"Band, 8th","Cheerleaders, 8th"
"Band, 8th","Cross Country, boys 8th"
"Band, 8th","Track, boys 8th"
"Band, 8th","Track, girls 8th"
"Band, 8th","Wrestling, 8th"
"Band, Marching (Symphonic)","Orchestra, Symphonic"
"Band, Marching (Symphonic)","Choir, concert"
"Band, Marching (Symphonic)","Football, 9th"
"Band, Marching (Symphonic)","Football, V"
"Band, Marching (Symphonic)","Soccer, V"
"Band, Marching (Symphonic)","Basketball, boys 9th"
"Band, Marching (Symphonic)","Basketball, girls V"
"Band, Marching (Symphonic)","Baseball, JV (10th)"
"Band, Marching (Symphonic)","Wrestling, V"
"Band, Jazz","Orchestra, Symphonic"
"Band, Jazz","Choir, a capella"
"Band, Jazz","Football, 9th"
"Band, Jazz","Basketball, boys 9th"
"Band, Jazz","Basketball, boys JV"
"Band, Jazz","Softball, V"
"Band, Jazz","Cross Country, boys V"
"Band, Jazz","Golf, boys V"
"Band, Jazz","Track, boys V"
"Orchestra, 8th","Orchestra, Full Concert"
"Orchestra, 8th","Choir, treble"
"Orchestra, 8th","Volleyball, 8th"
"Orchestra, 8th","Basketball, girls 8th"
"Orchestra, 8th","Basketball, girls 9th"
"Orchestra, 8th","Cheerleaders, 8th"
"Orchestra, 8th","Track, girls 8th"
"Orchestra, Full Concert","Choir, concert"
"Orchestra, Full Concert","Choir, women's ensemble"
"Orchestra, Full Concert","Football, 9th"
"Orchestra, Full Concert","Volleyball, 8th"
"Orchestra, Full Concert","Volleyball, 9th"
"Orchestra, Full Concert","Basketball, boys 9th"
"Orchestra, Full Concert","Basketball, girls 8th"
"Orchestra, Full Concert","Basketball, girls 9th"
"Orchestra, Full Concert","Basketball, girls JV"
"Orchestra, Full Concert","Baseball, JV (10th)"
"Orchestra, Full Concert","Softball, V"
"Orchestra, Full Concert","Cheerleaders, 9th"
"Orchestra, Full Concert","Cheerleaders, Spirit Squad"
"Orchestra, Full Concert","Cross Country, boys V"
"Orchestra, Full Concert","Swim & Dive Team, girls"
"Orchestra, Full Concert","Track, boys V"
"Orchestra, Full Concert","Track, girls V"
"Orchestra, Full Concert","Wrestling, V"
"Orchestra, Symphonic","Choir, treble"
"Orchestra, Symphonic","Choir, concert"
"Orchestra, Symphonic","Choir, women's ensemble"
"Orchestra, Symphonic","Choir, a capella"
"Orchestra, Symphonic","Choir, chamber singers"
"Orchestra, Symphonic","Drill Team"
"Orchestra, Symphonic","Football, 9th"
"Orchestra, Symphonic","Football, V"
"Orchestra, Symphonic","Soccer, V"
"Orchestra, Symphonic","Volleyball, 9th"
"Orchestra, Symphonic","Volleyball, JV"
"Orchestra, Symphonic","Volleyball, V"
"Orchestra, Symphonic","Basketball, boys 9th"
"Orchestra, Symphonic","Basketball, boys JV"
"Orchestra, Symphonic","Basketball, boys V"
"Orchestra, Symphonic","Basketball, girls JV"
"Orchestra, Symphonic","Basketball, girls V"
"Orchestra, Symphonic","Baseball, JV (10th)"
"Orchestra, Symphonic","Baseball, V"
"Orchestra, Symphonic","Softball, JV (10th)"
"Orchestra, Symphonic","Cheerleaders, 9th"
"Orchestra, Symphonic","Cheerleaders, JV"
"Orchestra, Symphonic","Cheerleaders, V"
"Orchestra, Symphonic","Cross Country, boys V"
"Orchestra, Symphonic","Cross Country, girls V"
"Orchestra, Symphonic","Golf, boys V"
"Orchestra, Symphonic","Swim & Dive Team, girls"
"Orchestra, Symphonic","Tennis, boys V"
"Orchestra, Symphonic","Track, boys V"
"Orchestra, Symphonic","Track, girls V"
"Orchestra, Symphonic","Wrestling, V"
"Choir, treble","Volleyball, 8th"
"Choir, treble","Basketball, girls 8th"
"Choir, treble","Basketball, girls 9th"
"Choir, treble","Cheerleaders, 8th"
"Choir, treble","Cross Country, boys V"
"Choir, treble","Track, girls 8th"
"Choir, treble","Track, girls V"
"Choir, concert","Drill Team"
"Choir, concert","Football, 8th"
"Choir, concert","Football, 9th"
"Choir, concert","Football, V"
"Choir, concert","Soccer, V"
"Choir, concert","Volleyball, 9th"
"Choir, concert","Volleyball, JV"
"Choir, concert","Basketball, boys 8th"
"Choir, concert","Basketball, boys JV"
"Choir, concert","Basketball, girls 9th"
"Choir, concert","Basketball, girls V"
"Choir, concert","Softball, JV (10th)"
"Choir, concert","Softball, V"
"Choir, concert","Cheerleaders, 9th"
"Choir, concert","Cheerleaders, Spirit Squad"
"Choir, concert","Cross Country, boys 8th"
"Choir, concert","Cross Country, boys V"
"Choir, concert","Cross Country, girls V"
"Choir, concert","Swim & Dive Team, boys"
"Choir, concert","Swim & Dive Team, girls"
"Choir, concert","Tennis girls V"
"Choir, concert","Track, boys 8th"
"Choir, concert","Track, boys V"
"Choir, concert","Track, girls V"
"Choir, concert","Wrestling, 8th"
"Choir, concert","Wrestling, V"
"Choir, women's ensemble","Volleyball, JV"
"Choir, women's ensemble","Basketball, girls JV"
"Choir, women's ensemble","Basketball, girls V"
"Choir, women's ensemble","Softball, JV (10th)"
"Choir, women's ensemble","Softball, V"
"Choir, women's ensemble","Cheerleaders, JV"
"Choir, women's ensemble","Cheerleaders, V"
"Choir, women's ensemble","Cross Country, girls V"
"Choir, women's ensemble","Swim & Dive Team, girls"
"Choir, women's ensemble","Tennis girls V"
"Choir, women's ensemble","Track, girls V"
"Choir, a capella","Choir, chamber singers"
"Choir, a capella","Choir, vocal ensemble (4 women)"
"Choir, a capella","Choir, barbershop quartet (4 men)"
"Choir, a capella","Drill Team"
"Choir, a capella","Football, V"
"Choir, a capella","Soccer, V"
"Choir, a capella","Volleyball, V"
"Choir, a capella","Basketball, boys V"
"Choir, a capella","Basketball, girls V"
"Choir, a capella","Baseball, JV (10th)"
"Choir, a capella","Baseball, V"
"Choir, a capella","Softball, V"
"Choir, a capella","Cheerleaders, Spirit Squad"
"Choir, a capella","Cheerleaders, V"
"Choir, a capella","Cross Country, boys V"
"Choir, a capella","Cross Country, girls V"
"Choir, a capella","Tennis girls V"
"Choir, a capella","Track, boys V"
"Choir, a capella","Track, girls V"
"Choir, a capella","Wrestling, V"
"Choir, chamber singers","Choir, vocal ensemble (4 women)"
"Choir, chamber singers","Choir, barbershop quartet (4 men)"
"Choir, chamber singers","Football, V"
"Choir, chamber singers","Soccer, V"
"Choir, chamber singers","Volleyball, V"
"Choir, chamber singers","Basketball, girls V"
"Choir, chamber singers","Softball, V"
"Choir, chamber singers","Cross Country, girls V"
"Choir, chamber singers","Track, boys V"
"Choir, chamber singers","Track, girls V"
"Choir, barbershop quartet (4 men)","Football, V"
"Choir, barbershop quartet (4 men)","Track, boys V"
"Drill Team","Softball, V"
"Drill Team","Swim & Dive Team, girls"
"Football, 8th","Basketball, boys 8th"
"Football, 8th","Basketball, girls 8th"
"Football, 8th","Track, boys 8th"
"Football, 8th","Wrestling, 8th"
"Football, 9th","Volleyball, 8th"
"Football, 9th","Basketball, boys 9th"
"Football, 9th","Basketball, boys JV"
"Football, 9th","Baseball, JV (10th)"
"Football, 9th","Baseball, V"
"Football, 9th","Golf, boys V"
"Football, 9th","Track, boys V"
"Football, 9th","Wrestling, V"
"Football, V","Basketball, boys JV"
"Football, V","Basketball, boys V"
"Football, V","Baseball, JV (10th)"
"Football, V","Baseball, V"
"Football, V","Tennis, boys V"
"Football, V","Track, boys V"
"Football, V","Wrestling, V"
"Soccer, V","Basketball, boys 9th"
"Soccer, V","Basketball, boys JV"
"Soccer, V","Basketball, boys V"
"Soccer, V","Baseball, V"
"Soccer, V","Swim & Dive Team, boys"
"Soccer, V","Track, boys V"
"Soccer, V","Wrestling, V"
"Volleyball, 8th","Basketball, girls 8th"
"Volleyball, 8th","Track, girls 8th"
"Volleyball, 9th","Basketball, girls 9th"
"Volleyball, 9th","Softball, JV (10th)"
"Volleyball, 9th","Softball, V"
"Volleyball, 9th","Swim & Dive Team, girls"
"Volleyball, 9th","Track, girls V"
"Volleyball, JV","Basketball, girls JV"
"Volleyball, JV","Basketball, girls V"
"Volleyball, JV","Softball, V"
"Volleyball, JV","Track, girls V"
"Volleyball, V","Basketball, girls JV"
"Volleyball, V","Basketball, girls V"
"Volleyball, V","Softball, JV (10th)"
"Volleyball, V","Softball, V"
"Volleyball, V","Track, girls V"
"Basketball, boys 8th","Cross Country, boys 8th"
"Basketball, boys 8th","Track, boys 8th"
"Basketball, boys 8th","Wrestling, 8th"
"Basketball, boys 9th","Basketball, boys JV"
"Basketball, boys 9th","Baseball, JV (10th)"
"Basketball, boys 9th","Baseball, V"
"Basketball, boys 9th","Cross Country, boys V"
"Basketball, boys 9th","Golf, boys V"
"Basketball, boys 9th","Track, boys V"
"Basketball, boys JV","Baseball, V"
"Basketball, boys JV","Cross Country, boys V"
"Basketball, boys JV","Tennis, boys V"
"Basketball, boys JV","Track, boys V"
"Basketball, boys V","Baseball, V"
"Basketball, boys V","Cross Country, boys V"
"Basketball, boys V","Tennis, boys V"
"Basketball, boys V","Track, boys V"
"Basketball, girls 8th","Basketball, girls 9th"
"Basketball, girls 8th","Cross Country, girls 8th"
"Basketball, girls 8th","Track, girls 8th"
"Basketball, girls 9th","Basketball, girls V"
"Basketball, girls 9th","Softball, JV (10th)"
"Basketball, girls 9th","Softball, V"
"Basketball, girls 9th","Swim & Dive Team, girls"
"Basketball, girls 9th","Track, girls V"
"Basketball, girls JV","Basketball, girls V"
"Basketball, girls JV","Softball, V"
"Basketball, girls V","Softball, JV (10th)"
"Basketball, girls V","Softball, V"
"Basketball, girls V","Track, girls V"
"Baseball, JV (10th)","Baseball, V"
"Baseball, JV (10th)","Wrestling, V"
"Baseball, V","Cross Country, boys V"
"Baseball, V","Wrestling, V"
"Softball, JV (10th)","Softball, V"
"Softball, JV (10th)","Cheerleaders, 9th"
"Cheerleaders, 8th","Track, girls 8th"
"Cheerleaders, 9th","Track, girls V"
"Cheerleaders, Spirit Squad","Swim & Dive Team, girls"
"Cheerleaders, V","Track, girls V"
"Cross Country, boys 8th","Track, boys 8th"
"Cross Country, boys 8th","Wrestling, 8th"
"Cross Country, girls 8th","Track, girls 8th"
"Cross Country, boys V","Tennis, boys V"
"Cross Country, boys V","Track, boys V"
"Cross Country, boys V","Wrestling, V"
"Cross Country, girls V","Swim & Dive Team, girls"
"Cross Country, girls V","Track, girls V"
"Cross Country, girls V","Wrestling, V"
"Golf, boys V","Swim & Dive Team, boys"
"Tennis, boys V","Track, boys V"
"Track, boys 8th","Wrestling, 8th"
"Track, boys V","Wrestling, V"
